{
  "avg_return": -91.40534973144531,
  "returns": [
    -91.40534973144531
  ],
  "term_means": {}
}