{
  "avg_return": -134.01727294921875,
  "returns": [
    -134.01727294921875
  ],
  "term_means": {}
}