{
  "avg_return": 19.61266326904297,
  "returns": [
    19.61266326904297
  ],
  "term_means": {}
}