{
  "avg_return": 16.338607788085938,
  "returns": [
    16.338607788085938
  ],
  "term_means": {}
}