{
  "avg_return": 296.1127624511719,
  "returns": [
    296.1127624511719
  ],
  "term_means": {}
}